id,title,url,publisher,scope,notes,accessed
FIAT_TECH,Fiat Grande Panda Hybrid — dane techniczne,https://www.fiat.pl/modele/grande-panda-hybryda/dane-techniczne,Fiat,Fiat:official-current-model,Wymiary i pojemność bagażnika.,2026-08-17
FIAT_PRESS,Grande Panda — rodzina układów napędowych,https://www.media.stellantis.com/pl-pl/fiat/press/trzy-uklady-napedowe-jedna-ikona-fiat-wprowadza-model-grande-panda-z-silnikiem-benzynowym-ktory-dolacza-do-wersji-z-napedem-hybrydowym-i-elektrycznym,Fiat/Stellantis,Fiat/Stellantis:official-press,Opis układu hybrydowego 48 V i skrzyni eDCT.,2026-08-17
FIAT_HYBRID_PRESS,Fiat Grande Panda Hybrid — materiał techniczny,https://www.media.stellantis.com/gr-el/fiat/press/neo-fiat-grande-panda-hybrid-o-exilektrismos-pou-kani-ti-diafora-sto-b-segment,Fiat/Stellantis,Fiat/Stellantis:official-press-other-market,"Osiągi, moment obrotowy i homologacyjne zużycie; dane ogólnomodelowe, nie konfiguracja dealera.",2026-08-17
FIAT_WARRANTY,Fiat — warunki gwarancji,https://www.fiat.pl/mopar/gwarancja,Fiat,Fiat:official-warranty,Ogólne warunki gwarancji dla nowych samochodów Fiat.,2026-08-17
FIAT_MEDIA,Fiat Grande Panda Hybrid — oficjalna galeria,https://www.media.stellantis.com/de-de/fiat/fiat-grande-panda-hybrid,Fiat/Stellantis,Fiat/Stellantis:official-media-gallery,Zdjęcia poglądowe; mogą przedstawiać inną wersję i rynek.,2026-08-17
VW_TCROSS_PRICE,"Volkswagen T-Cross — aktualny cennik, wyposażenie i dane",https://cenniki.volkswagen.pl/T-Cross.html,Volkswagen,Volkswagen:official-current-model,Rok modelowy 2027 / produkcja 2026; konfiguracje i wyposażenie rynku polskiego.,2026-08-17
VW_TCROSS_MEDIA,Volkswagen T-Cross — oficjalny album prasowy,https://www.volkswagen-newsroom.com/de/bilder/alben/t-cross-6688,Volkswagen,Volkswagen:official-media-gallery,"Zdjęcia poglądowe, nie konkretne auto z oferty.",2026-08-17
PEUGEOT_208_FAQ,Peugeot 208 — FAQ i wymiary,https://www.peugeot.pl/modele/nowy-peugeot-208/faq.html,Peugeot,Peugeot:official-current-model,Pojemność bagażnika i dane ogólnomodelowe.,2026-08-17
PEUGEOT_208_STOCK,Peugeot 208 Business Hybrid 110 e-DCS6 — oficjalny sklep,https://sklep.peugeot.pl/produkt/208/vr3uphpx0t5045881/,Peugeot,Peugeot:official-stock-comparable-vehicle,Porównywalny wariant napędowy; nie VIN z oferty użytkownika.,2026-08-17
PEUGEOT_2008_MODEL,Peugeot 2008 — oficjalna strona modelu,https://www.peugeot.pl/modele/nowy-peugeot-2008/petrol-hybrid.html,Peugeot,Peugeot:official-current-model,Wymiary i pojemność bagażnika obecnej gamy.,2026-08-17
PEUGEOT_PRICES,Peugeot — oficjalne cenniki i specyfikacje,https://www.peugeot.pl/tools/cenniki-peugeot.html,Peugeot,Peugeot:official-download-index,Punkt wejścia do aktualnych cenników i broszur.,2026-08-17
PEUGEOT_2008_MEDIA,Peugeot 2008 — oficjalna galeria produktowa,https://www.media.stellantis.com/cz-cs/peugeot/press/produktove-foto-peugeot-2008,Peugeot/Stellantis,Peugeot/Stellantis:official-media-gallery,Zdjęcia do użytku prasowego/poglądowego; nie są kopią konkretnego egzemplarza.,2026-08-17
HYUNDAI_I20_FEATURES,Hyundai i20 — wyposażenie i osiągi MY/PY 2026,https://www.hyundai.com/pl/pl/modele/nowy-i20/wyposazenie.html,Hyundai,Hyundai:official-current-model-pl,Dane 1.0 T-GDI 90 KM 7DCT dla rynku polskiego.,2026-08-17
HYUNDAI_I20_DESIGN,Hyundai i20 — design i wymiary,https://www.hyundai.com/pl/pl/modele/nowy-i20/design.html,Hyundai,Hyundai:official-current-model-pl,Wymiary i materiały poglądowe.,2026-08-17
HYUNDAI_I20_MEDIA,Hyundai i20 — oficjalna galeria zdjęć,https://www.hyundai.news/pl/modele/osobowe/i20/zdjecia.html,Hyundai,Hyundai:official-media-gallery,Zdjęcia poglądowe; część materiałów może pokazywać wcześniejszy rok modelowy.,2026-08-17
HYUNDAI_BAYON_MODEL,Hyundai Bayon — oficjalna strona modelu,https://www.hyundai.com/pl/pl/modele/nowy-bayon.html,Hyundai,Hyundai:official-current-model-pl,Aktualna gama rynku polskiego.,2026-08-17
HYUNDAI_BAYON_DESIGN,"Hyundai Bayon — design, wymiary i bagażnik",https://www.hyundai.com/pl/pl/modele/nowy-bayon/design.html,Hyundai,Hyundai:official-current-model-pl,Wymiary i pojemność bagażnika.,2026-08-17
HYUNDAI_BAYON_FEATURES,Hyundai Bayon — wyposażenie,https://www.hyundai.com/pl/pl/modele/nowy-bayon/features.html,Hyundai,Hyundai:official-current-model-pl,Wyposażenie i zdjęcia poglądowe.,2026-08-17
HYUNDAI_BAYON_UK_TECH,Hyundai Bayon 1.0 T-GDi 90 PS 7DCT — dane techniczne,https://www.hyundai.news/uk/articles/press-releases/bayon-trims-specs-pricing-1225.html,Hyundai,Hyundai:official-current-model-uk,"Pełne dane 90 PS 7DCT, ale homologacja/rynek UK; używać jako model-level, nie exact PL offer.",2026-08-17
HYUNDAI_INSTER_PRESS,Hyundai Inster — oficjalne dane techniczne,https://www.hyundai.news/pl/articles/informacje-prasowe/inster-kompaktowy-rozmiar.html,Hyundai,Hyundai:official-press-pl,"Wymiary, osiągi, zasięg i ładowanie.",2026-08-17
HYUNDAI_INSTER_DESIGN,Hyundai Inster — design i przestrzeń,https://www.hyundai.com/pl/pl/modele/inster/design.html,Hyundai,Hyundai:official-current-model-pl,Aktualne informacje o bagażniku i funkcjonalności.,2026-08-17
SKODA_FABIA_MODEL,Škoda Fabia — oficjalna strona modelu,https://www.skoda.pl/swiat-skody/fabia,Skoda,Skoda:official-current-model-pl,Opis modelu i dostęp do bieżącego cennika.,2026-08-17
SKODA_FABIA_ENGINE,Škoda Fabia 115 DSG — dane układu napędowego,https://www.skoda.pl/modele/fabia/fabia-monte-carlo,Skoda,Skoda:official-current-model-pl,Dane gamy 1.0 TSI 115 DSG; dossier opiera wartości exact na załączonej konfiguracji.,2026-08-17
SKODA_FABIA_MEDIA,Škoda Fabia IV — oficjalne zdjęcie prasowe,https://www.skoda-storyboard.com/cs/skoda-svet-cs/felicia-a-fabia-slavi-jubilea/attachment/4-generace-07_skoda_fabia_ml_graphite_grey_918733f4/,Skoda,Skoda:official-media-gallery,Zdjęcie poglądowe; inny kolor i możliwe wyposażenie.,2026-08-17
SKODA_KAMIQ_MODEL,Škoda Kamiq — oficjalna strona modelu,https://www.skoda.pl/modele/kamiq/kamiq,Skoda,Skoda:official-current-model-pl,Aktualne informacje modelowe.,2026-08-17
SKODA_KAMIQ_ENGINE,Škoda Kamiq — porównywarka silników,https://www.skoda.pl/modele/kamiq/kamiq/nowa-skoda-kamiq-porownywarka-silnikow,Skoda,Skoda:official-current-model-pl,Dane jednostek napędowych.,2026-08-17
SKODA_KAMIQ_MEDIA,Škoda Kamiq — oficjalne zdjęcie prasowe,https://www.skoda-storyboard.com/?attachment_id=354007,Skoda,Skoda:official-media-gallery,Zdjęcie poglądowe.,2026-08-17
TOYOTA_YARIS_2026,Toyota Yaris rok modelowy 2026 — wyposażenie i ceny,https://www.toyota.pl/swiat-toyoty/nowosci/toyota-yaris-z-roku-modelowego-2026-zyskuje-nowe-lakiery-odswiezone-wnetrze-i-bogatsze-wyposazenie,Toyota,Toyota:official-current-model-pl,"Zmiany MY2026, wyposażenie Style i cena katalogowa.",2026-08-17
TOYOTA_YARIS_CONFIG,Toyota Yaris — konfigurator,https://www.toyota.pl/nowe-samochody/nowy-yaris/konfigurator,Toyota,Toyota:official-current-configurator-pl,"Wymiary, parametry napędu i dostępność lakieru Forest Green.",2026-08-17
TOYOTA_YARIS_MODEL,Toyota Yaris — oficjalna strona modelu,https://www.toyota.pl/nowe-samochody/yaris,Toyota,Toyota:official-current-model-pl,Zakres WLTP i osiągi wersji 116 KM.,2026-08-17
TOYOTA_YARIS_BOOT_286,"Toyota Yaris — oferta specjalna, bagażnik 286 l",https://www.toyota.pl/swiat-toyoty/nowosci/toyota-yaris-z-2025-roku-produkcji-w-ofercie-specjalnej,Toyota,Toyota:official-marketing-pl,Jedna z oficjalnych publikacji podaje 286 l.,2026-08-17
TOYOTA_YARIS_BOOT_296,"Toyota Yaris — materiał flotowy, bagażnik 296 l",https://www.toyota.pl/swiat-toyoty/nowosci/100-hybrydowych-yarisow-dolaczylo-do-floty-uniqa,Toyota,Toyota:official-marketing-pl,Inna oficjalna publikacja podaje 296 l; rozbieżność zachowana.,2026-08-17
TOYOTA_WARRANTY,Toyota — gwarancja akumulatora do 10 lat / 1 000 000 km,https://www.toyota.pl/swiat-toyoty/nowosci/spokoj-uzytkowania-przez-dlugie-lata-gwarancja-do-10-lat-lub-1-000-000-km-na-akumulatory-modeli-hybrydowych-i-elektrycznych-toyoty,Toyota,Toyota:official-warranty-pl,Warunkowy program Battery Care.,2026-08-17
TOYOTA_RELAX,Toyota Relax — warunki dodatkowej ochrony,https://www.toyota.pl/serwis-i-akcesoria/gwarancja-toyota-relax,Toyota,Toyota:official-warranty-pl,Warunkowe odnawianie ochrony do limitu programu.,2026-08-17
TOYOTA_MEDIA,Toyota Yaris — oficjalne zdjęcie prasowe,https://newsroom.toyota.eu/asset/20032c9c-e184-4a4c-9a43-a234dbd3a4d3/2024-yaris-dpl-ext-combo-high0010,Toyota,Toyota:official-media-gallery,"Zdjęcie poglądowe, nie Forest Green i nie gwarancja wersji Style.",2026-08-17
